65.99368439244235,6.266457159726794,39.268485334691206,-4.106055308744562,20.75973569794995,66.29053375123766,55.281754665982795,65.99368439244235,72.14041237564675,0.0,6.0,6.266457159726794,0.5571971147061971,0.0
67.38163279087692,0.15123152590723593,0.022870974428230974,-0.0029888402877567173,2.224116167939843,67.38180250289398,1.422741448868507,67.38163279087692,67.65414762251497,0.0,4.0,0.15123152590723593,1.596970807850657,0.0
67.60151467237492,0.6934450821364987,0.4808660819392954,2.4558709871160285,8.127296044032978,67.6050712009185,4.237544966511308,67.60151467237492,70.08916287758107,0.0,5.0,0.6934450821364987,1.6753140412459917,0.0
67.78388043437705,0.9358286679565263,0.8757752957692864,1.3946535937107725,3.435319345586681,67.7903401823423,6.723655258086396,67.78388043437705,70.08916287758107,0.0,6.0,0.9358286679565263,1.415038932939431,0.0
68.57258171669804,1.8389899790925694,3.381884143202889,1.0786801256227154,2.861636523536861,68.59723644168498,14.682578878667414,68.57258171669804,72.88395489220966,0.0,4.0,1.8389899790925694,1.3325791674171585,0.0
68.24650003053131,1.8994542856670245,3.607926583338826,1.3613266806267075,3.37064758679813,68.272927965634,14.245862266617394,68.24650003053131,72.88395489220966,0.0,5.0,1.8994542856670245,1.430286864290526,0.0
68.18762158252832,1.828023449368834,3.3416697314423307,1.4585799054923598,3.6966613425275887,68.21212067377412,14.858646101352619,68.18762158252832,72.838352195721,0.0,4.0,1.828023449368834,1.3678327007281605,0.0
68.70741476033662,2.2804323500971075,5.200371703369417,1.0994176637334174,2.931002151301153,68.74524867037934,22.15012380248575,68.70741476033662,75.29767558716281,0.0,4.0,2.2804323500971075,1.1671617096424411,0.0
68.79516184226424,2.7930363301080963,7.801051941303704,1.3747625129468033,3.388350581735175,68.85183617627514,19.132841862649045,68.79516184226424,75.6408674073084,0.0,5.0,2.7930363301080963,1.4175210986045568,0.0
68.75160096062154,2.458971453588232,6.046540609561823,1.518880771348773,4.414027595707329,68.79556072348055,14.731965202098849,68.75160096062154,75.6408674073084,0.0,5.0,2.458971453588232,2.067064052861999,0.0
67.54578941828923,1.1365352369530144,1.2917123448358447,1.3788764272762903,3.3674556740255968,67.55535049486983,8.31319045595501,67.54578941828923,70.30528848201091,0.0,6.0,1.1365352369530144,1.3821874167798158,0.0
67.30004697897617,0.7635883213362594,0.5830671244811266,1.0543579171508919,2.832881418886739,67.30437868739955,7.5215088152872625,67.30004697897617,69.05493204871404,0.0,5.0,0.7635883213362594,1.0995472603557064,0.0
67.36829758514205,0.8451006633843056,0.7141951312525934,0.6000731081868478,1.9292378257137452,67.37359805332879,7.308008011443874,67.36829758514205,69.05493204871404,0.0,5.0,0.8451006633843056,1.3653992037415883,0.0
66.9808565678756,0.6493167712221647,0.421612269390377,1.0181974859876848,2.6410469558836778,66.98400375340157,4.403704455820531,66.9808565678756,68.41140928849104,0.0,4.0,0.6493167712221647,1.5498631754759788,0.0
67.25464178283846,1.3568659071575646,1.841085090006521,1.438883764792728,3.807118575249973,67.26832781055232,9.42082593260757,67.25464178283846,70.76360551724098,0.0,4.0,1.3568659071575646,1.5837379946000008,0.0
67.11781745332574,1.4054716908353795,1.9753506737396607,1.5327535320097017,3.9286109584898172,67.13253138659154,11.65490398160567,67.11781745332574,70.76360551724098,0.0,5.0,1.4054716908353795,1.2980591280652842,0.0
67.27249756919198,1.4537857958031157,2.1134931400788983,1.2082167152294694,3.0732191845138748,67.28820418421806,13.7327818663518,67.27249756919198,70.72765923738277,0.0,4.0,1.4537857958031157,1.0873191070193862,0.0
67.18272781842666,1.4469198747108112,2.0935771238331493,1.3809391817173953,3.4286134774837085,67.19830722755323,11.209367523917393,67.18272781842666,70.72765923738277,0.0,4.0,1.4469198747108112,1.3295666248605362,0.0
66.77418677315502,0.9893696655981364,0.9788523352057684,1.3893892184470937,3.7097942416902314,66.78151594229796,8.934939347204192,66.77418677315502,69.29420023042658,0.0,5.0,0.9893696655981364,1.2929042440600487,0.0
66.64672019762183,1.0336516159892677,1.0684356632372247,1.519813470020286,3.8205202853099554,66.65473538139155,8.002746742989174,66.64672019762183,69.29420023042658,0.0,6.0,1.0336516159892677,1.3350269826991892,0.0
66.83614114632864,1.120189189474617,1.2548238202157993,1.3195083310017455,3.260953384479415,66.84552780218121,7.754250227935785,66.83614114632864,69.53905098356051,0.0,5.0,1.120189189474617,1.4302423426332367,0.0
66.754706495955,1.2349630882954623,1.525133829452266,0.9975222861846965,2.736856759846671,66.76612893668877,12.80810672019524,66.754706495955,69.53905098356051,0.0,5.0,1.2349630882954623,1.174498749150996,0.0
68.05680758745066,3.621668321995452,13.116481434545353,1.4618728849375255,3.60821536948763,68.15310367422623,25.59836548994744,68.05680758745066,77.12949534235415,0.0,5.0,3.621668321995452,1.392684941935293,0.0
68.01311461909103,3.631033037502,13.184400919431,1.4852421122912043,3.64083237034017,68.10997108433568,22.099201188318034,68.01311461909103,77.12949534235415,0.0,6.0,3.631033037502,1.4238532468019647,0.0
66.89558713394092,1.7331891028691748,3.0039444663044548,1.2922438263182412,3.1684053830537673,66.9180358532809,12.037798030015779,66.89558713394092,71.01511417333901,0.0,6.0,1.7331891028691748,1.3669740223208717,0.0
67.00123677186069,1.8417383009936323,3.391999969346912,0.9852192443612047,2.462084624924407,67.02654495741434,15.768640025131319,67.00123677186069,71.01511417333901,0.0,6.0,1.8417383009936323,1.043792840364271,0.0
66.88806901761434,1.9611331169444397,3.846043102376213,1.3616425794788365,3.3527900860609723,66.91681268565857,13.514295219383001,66.88806901761434,71.67137194254683,0.0,7.0,1.9611331169444397,1.4070800728730202,0.0
67.04125053123488,2.097307576039547,4.39869906851288,1.1326181629886756,2.7107815975059,67.07404842306981,15.2112604167028,67.04125053123488,71.67137194254683,0.0,6.0,2.097307576039547,1.4957700648072774,0.0
66.6272055642237,1.9848447821045456,3.939608809047641,1.4633886270928909,3.643957893747283,66.6567635735967,14.915194460341269,66.6272055642237,71.618548295722,0.0,7.0,1.9848447821045456,1.3494257064165815,0.0
66.88100814326914,2.1589079542445844,4.660883554900537,1.0846846926512046,2.523413005228382,66.91584366810997,15.198279338728113,66.88100814326914,71.618548295722,0.0,7.0,2.1589079542445844,1.7432934170515757,0.0
66.44818930578413,1.7212882282253288,2.962833164627092,1.5703592047734751,3.9798134178686526,66.47047987777695,13.813454617650734,66.44818930578413,70.9390203490565,0.0,6.0,1.7212882282253288,1.3421731989583288,0.0
66.50749280617057,1.791754429947877,3.2103839372378413,1.3895576484805996,3.4173468647293954,66.53162393403656,15.01462962277354,66.50749280617057,70.96920657164844,0.0,6.0,1.791754429947877,1.2674249905065413,0.0
66.23168244083242,1.8163830190947654,3.299247272055815,1.5622439018501586,3.972095524631969,66.25658462534365,14.089717539661393,66.23168244083242,70.96920657164844,0.0,6.0,1.8163830190947654,1.3423049194632557,0.0
65.86517036725695,1.4640328801641989,2.1433922742018794,2.0358981843977086,5.989474382362733,65.88143941795735,11.37812918431311,65.86517036725695,70.53909659548533,0.0,6.0,1.4640328801641989,1.0637924730872135,0.0
66.6631805930551,1.7482495560079059,3.05637651008184,1.0626885920643043,2.704690042450237,66.68610067542083,11.571108955931933,66.6631805930551,70.53909659548533,0.0,5.0,1.7482495560079059,1.4205125483083327,0.0
67.68420036892772,2.6817074883302383,7.191555052966475,0.9847384745788157,2.75440197697343,67.73730533933366,23.258803617812845,67.68420036892772,73.98435792733726,0.0,4.0,2.6817074883302383,1.2137181469037648,0.0
66.73456315147149,2.847834538536185,8.110161558879607,1.5139116714992529,3.75282989149689,66.79529983896035,20.58967702780049,66.73456315147149,73.98435792733726,0.0,6.0,2.847834538536185,1.376231259739715,0.0
65.68002012639697,1.2445167428675112,1.548821923277559,1.4388240822345686,3.741545381871613,65.69180973094888,11.431120840677664,65.68002012639697,68.85097127965194,0.0,6.0,1.2445167428675112,1.3532991998660497,0.0
65.43725056646944,1.392223172908249,1.9382853631827124,1.2867427592452172,3.421713545588801,65.45205915066454,12.419782663725854,65.43725056646944,68.85097127965194,0.0,5.0,1.392223172908249,1.612278271143719,0.0
66.91190823718969,4.183925779574662,17.50523492898944,1.4659092231348254,3.6153688963352604,67.0425886945834,30.205898399444806,66.91190823718969,77.36937243347258,0.0,5.0,4.183925779574662,1.3428809946697333,0.0
67.26677930950783,4.135801148572444,17.104851140533146,1.284026465604741,3.2927566346835033,67.3938012714416,32.49855972147867,67.26677930950783,77.36937243347258,0.0,5.0,4.135801148572444,1.2515891611885994,0.0
65.40433308365697,1.5239669959284254,2.322475404679109,1.4070117264648685,3.470730646175754,65.42208542627348,10.668496138561864,65.40433308365697,69.17667770072669,0.0,4.0,1.5239669959284254,1.4144927754987788,0.0
66.5887490404032,2.861964233738982,8.190839275201158,1.0658364269314442,2.756237160100262,66.65022384089194,20.942994826897035,66.5887490404032,73.18811322688,0.0,4.0,2.861964233738982,1.3267474541873343,0.0
66.18711078254051,2.869551791438159,8.234327483745947,1.402444274232469,3.407007505613633,66.24928649596187,19.88119425168817,66.18711078254051,73.18811322688,0.0,7.0,2.869551791438159,1.3773127907932938,0.0
65.35851767793869,1.4807729024867529,2.1926883887390423,1.362618352113357,3.412327630171664,65.3752898383339,13.969017617432456,65.35851767793869,69.02526673175649,0.0,7.0,1.4807729024867529,1.1873629020991254,0.0
65.17905952623941,1.5394887545216094,2.370025625298496,1.4429304849518472,3.5973599834882375,65.19723787362743,11.566208370932813,65.17905952623941,69.02526673175649,0.0,7.0,1.5394887545216094,1.4703833151045855,0.0
65.6353200886833,2.105106573612451,4.4314736862663535,1.342059922877291,3.2965479348268425,65.66906971192893,14.609204655158791,65.6353200886833,70.72116041753323,0.0,5.0,2.105106573612451,1.3861165494887855,0.0
65.5648114043992,2.146586361942961,4.607833009279516,1.3290771921569793,3.2450853733200926,65.59994152058151,13.899087775317682,65.5648114043992,70.72116041753323,0.0,4.0,2.146586361942961,1.359536718294068,0.0
64.77491397855601,1.1126600428502742,1.2380123709555741,1.4610460026586756,3.644786343559046,64.78446953784747,8.321000496873538,64.77491397855601,67.57394046595688,0.0,5.0,1.1126600428502742,1.350642334325329,0.0
64.81812494226082,1.1970630094470018,1.4329598485863129,1.1451145864809624,2.8826948698009023,64.8291776970765,12.537071013568635,64.81812494226082,67.57394046595688,0.0,6.0,1.1970630094470018,0.9575421162154896,0.0
65.45919694579707,2.4222202381109925,5.8671508819144735,1.3656417838692763,3.3043612472868205,65.50399694423665,17.236018656776253,65.45919694579707,71.26970067285555,0.0,7.0,2.4222202381109925,1.3412102144506612,0.0
65.59310016647959,2.4989882846908373,6.244942447022054,1.1483068101057208,2.760213763792039,65.64068655869504,18.834034498031272,65.59310016647959,71.26970067285555,0.0,6.0,2.4989882846908373,1.241441647314329,0.0
65.04550568578615,2.111384743723112,4.4579455360267115,1.4720021837512813,3.638461450403791,65.07976456207925,15.435110186999857,65.04550568578615,70.3424356903295,0.0,6.0,2.111384743723112,1.3510974849839927,0.0
65.17483506661138,2.253545862322025,5.078468953588719,1.1965565839328074,2.8310711667288944,65.21378378006897,15.319502274687423,65.17483506661138,70.3424356903295,0.0,6.0,2.253545862322025,1.640015890921757,0.0
64.78554996332564,1.919569761502664,3.684748069275394,1.3263664486221176,3.1912417401011806,64.81398176412122,13.476247557685767,64.78554996332564,69.31119106024306,0.0,6.0,1.919569761502664,1.3411308622641842,0.0
64.98857917830058,2.9379032925793824,8.631275756548776,2.2554246708383565,7.885535395184023,65.05495138243356,23.360986716580953,64.98857917830058,77.6424856068543,0.0,6.0,2.9379032925793824,0.7848920430628505,0.0
67.03977029995907,5.697233657740409,32.45847135089016,1.3091817681077071,3.1399959378680204,67.2814184840225,37.45991302408991,67.03977029995907,80.45492521263846,0.0,6.0,5.697233657740409,1.3611208393698924,0.0
66.30456073704109,5.395661651037749,29.1131646524794,1.773133505607545,4.472309184219291,66.52373966626087,21.60074861829431,66.30456073704109,80.45492521263846,0.0,5.0,5.395661651037749,2.3335160159681974,0.0
63.73318121543843,0.11826886959640258,0.01398752551561088,0.11021997597923303,2.023675783090098,63.73329095037718,1.5004089682375366,63.73318121543843,63.94781243708394,0.0,6.0,0.11826886959640258,1.3617533289619812,0.0
63.55246994181469,0.22388324625017084,0.050123707951514634,0.13108591664896374,1.6254215900264373,63.55286428960706,1.4375659841402708,63.55246994181469,63.94781243708394,0.0,7.0,0.22388324625017084,2.416235938547021,0.0
63.3338100072986,0.11540247431874302,0.013317731078888142,0.6946429785144478,3.7136257685186917,63.33391514640221,1.202096048167924,63.3338100072986,63.69416040646347,0.0,6.0,0.11540247431874302,1.1967547590478644,0.0
59.00024835081325,9.968697346280234,99.37492678173457,-4.132966076121082,21.153065678603593,59.836479109648295,88.85607701057961,59.01868005312406,69.15059089878947,1.0,6.0,9.968697346280234,0.5516624362023682,1.0
61.16869079903957,0.22848694437319916,0.05220628374900141,0.08717133948862664,1.6171595601099582,61.16911753779236,1.2222684949454248,61.16869079903957,61.51434027297019,0.0,6.0,0.22848694437319916,3.0862801565851923,1.0
61.80223730315705,0.768652242196372,0.5908262694335101,0.8713720857465006,2.1888138270168653,61.807017093087175,4.479111592574036,61.80223730315705,63.296590181910226,0.0,5.0,0.768652242196372,1.5105603667469598,1.0
61.69393538360595,0.8565562471165944,0.7336886044744643,0.7696260813420291,1.9726118303667346,61.69988129422146,5.945418980994667,61.69393538360595,63.296590181910226,0.0,5.0,0.8565562471165944,1.7029225442439948,1.0
62.5678208960665,2.0651679295833048,4.264918577379393,1.091399902984349,2.6408689291090246,62.601893983006896,14.274953896746084,62.5678208960665,67.07531321368776,0.0,4.0,2.0651679295833048,1.3135821500489344,1.0
62.77291864254441,2.040087727461086,4.1619579357373375,0.9047524811034563,2.3417173124051334,62.806060797022106,16.617945555976405,62.77291864254441,67.07531321368776,0.0,4.0,2.040087727461086,1.0946509605144055,1.0
62.6113349753123,2.0447281126930146,4.180913054837138,0.7782139083091107,1.948302880089569,62.64471390664661,12.135809134610312,62.6113349753123,66.43069794879182,0.0,5.0,2.0447281126930146,1.409206279924396,1.0
63.028458126937174,2.3757887420996022,5.64437214708721,0.4851873960437278,1.6103824246903555,63.0732186114373,15.95161510846114,63.028458126937174,67.80830407771577,0.0,4.0,2.3757887420996022,1.4140219944496033,1.0
62.91777652409844,2.572042379156153,6.615402000175243,0.7705697874233378,1.9752766585306563,62.97032638264287,16.058943066490677,62.91777652409844,67.84871497638579,0.0,5.0,2.572042379156153,1.3991931620819902,1.0
63.79192783547392,2.851976602830336,8.133770543091664,0.08069422237403343,1.402500656532656,63.85564836026179,19.469067419574856,63.79192783547392,68.14409387833598,0.0,6.0,2.851976602830336,1.697748046419074,1.0
63.07882625833164,2.6255162271847765,6.893335459210582,0.5100665884402514,1.7437283713940621,63.133443257817,16.71968467912697,63.07882625833164,68.14409387833598,0.0,6.0,2.6255162271847765,1.7136120707012363,1.0
62.40259548109208,2.1033324120917403,4.424007235755658,0.6307421094230345,1.734927553960849,62.43803272055077,14.05628406557932,62.40259548109208,66.31233384032029,0.0,5.0,2.1033324120917403,1.5882450756847026,1.0
62.4546958517897,2.1414849025218947,4.58595758772921,0.31935535985300734,1.545983920447383,62.491399340447536,14.927359292493826,62.4546958517897,66.31233384032029,0.0,6.0,2.1414849025218947,1.679306069478398,1.0
62.05162870995199,1.9701958774371353,3.8816717954702837,0.6900450277776553,2.0005699959696805,62.082898590136786,11.98468429838276,62.05162870995199,66.27315758683697,0.0,6.0,1.9701958774371353,1.8019934709842773,1.0
62.51686033998929,1.9277043122463606,3.716043915453214,0.4044485537870426,1.8031827636907711,62.54657361267025,12.566052950963602,62.51686033998929,66.27315758683697,0.0,5.0,1.9277043122463606,1.7094579287279323,1.0
62.35873713206038,1.9204783425339322,3.6882370641418794,0.6380676536796039,2.2632788130496246,62.38830286014797,14.094038672529365,62.35873713206038,67.50202596086142,0.0,5.0,1.9204783425339322,1.100220820341771,1.0
62.48625386282671,2.571496528377721,6.612594395458671,1.0205026047193138,2.5467927932050176,62.539143871699146,16.129794381832674,62.48625386282671,68.05526575646041,0.0,4.0,2.571496528377721,1.4159815184688893,1.0
62.3835688494827,2.520622607912508,6.353538331519652,0.9444319052480368,2.62402761954433,62.43447125370461,14.006084140086813,62.3835688494827,68.05526575646041,0.0,5.0,2.520622607912508,2.082280969066789,1.0
61.27133166106495,1.5613296102807768,2.437750151939522,1.231491026678234,2.9584304287543057,61.291221505792805,10.554579410051446,61.27133166106495,64.8628850147298,0.0,5.0,1.5613296102807768,1.3715404034943783,1.0
62.41989671636559,2.540089509745778,6.452054717520547,0.781715261064387,2.1940205636182966,62.471558014821994,17.905972688190175,62.41989671636559,67.6626998714474,0.0,4.0,2.540089509745778,1.324474172322878,1.0
62.20656525323183,2.554887785587491,6.527451596944154,0.9618975276041959,2.455540134249925,62.25900908464198,16.992769721331243,62.20656525323183,67.6626998714474,0.0,5.0,2.554887785587491,1.5382267087328605,1.0
62.79067067883157,2.7666539965622605,7.654374336693929,0.8203095295750772,2.3847791426973424,62.85159264994143,18.473294414767523,62.79067067883157,68.66640190065833,0.0,4.0,2.7666539965622605,1.5114384813127435,1.0
62.68351172268003,2.844215580328824,8.089562267385228,0.800263109583667,2.3253429500977565,62.748005579099875,19.386906063616877,62.68351172268003,68.66640190065833,0.0,4.0,2.844215580328824,1.464529463355956,1.0
62.28142241571051,2.100148545611368,4.410623913633545,0.23924768009136582,1.3648349512946054,62.316821180463,13.442425977443754,62.28142241571051,65.27945016446981,0.0,6.0,2.100148545611368,1.4295762894298192,1.0
62.33657818863158,2.157092657798376,4.653048734327661,0.10379012216782733,1.3086491952498653,62.373889000139364,15.443034629771994,62.33657818863158,65.27945016446981,0.0,6.0,2.157092657798376,1.2625362538706835,1.0
61.623190690052795,1.9744466561182552,3.898439597856559,0.5827211601079852,1.7282714332673028,61.65481384628832,13.71212562621291,61.623190690052795,65.33625922199707,0.0,5.0,1.9744466561182552,1.6692570545964445,1.0
62.50576050364096,2.6450485666299723,6.996281919831272,0.4915874085415664,1.9751512916654523,62.56170056878532,16.546360191575147,62.50576050364096,67.88630915828102,0.0,5.0,2.6450485666299723,1.8611395571340164,1.0
62.2884710352938,2.646464146553046,7.003772478990742,0.88134814465244,2.3444488563271237,62.344666142290194,16.999804088011963,62.2884710352938,67.88630915828102,0.0,5.0,2.646464146553046,1.4953274145081838,1.0
62.31547166033863,2.195797649296644,4.821527316656667,0.4806704410571519,1.8677535298632062,62.35414609765036,18.253040569139557,62.31547166033863,67.24697423741605,0.0,4.0,2.195797649296644,1.3676293935475428,1.0
61.60420125987722,1.8847421186549957,3.552252853832122,1.0173945930817658,2.8640106731300516,61.63302577126399,13.970910482718935,61.60420125987722,65.96511581373774,0.0,3.0,1.8847421186549957,1.5311150149902357,1.0
61.64886360831986,1.2925576944849035,1.6707053935721292,0.6256301138883078,2.6768394403888376,61.66241229136918,10.77963945899176,61.64886360831986,64.51235713194217,0.0,4.0,1.2925576944849035,1.4057652437344192,1.0
61.111040434014896,1.637675907589032,2.681982378297559,0.6356291517933197,2.1515562178099366,61.132980013296425,10.511958968614579,61.111040434014896,64.51235713194217,0.0,6.0,1.637675907589032,1.7287653362472468,1.0
61.5893007563472,2.6792158500608165,7.178197571217103,1.0879489887088676,2.664346310706308,61.64754792550152,18.452796246827177,61.5893007563472,67.46728399123126,0.0,4.0,2.6792158500608165,1.3205041614169353,1.0
62.193984054974834,2.895463615265582,8.383709547326834,0.6702000614141843,1.8993210781608156,62.261347256365966,25.791249602165756,62.193984054974834,68.27886792274882,0.0,4.0,2.895463615265582,1.0733295444674973,1.0
62.122024415867756,3.2855986494839664,10.795158485490864,0.9635473805120051,2.4390608103415357,62.20885046366925,20.656393815653182,62.122024415867756,69.10470217556163,0.0,5.0,3.2855986494839664,1.4279363125622528,1.0
62.41028352284219,3.083765617609189,9.509610384348584,0.7254890826808192,2.440652319143921,62.486423323678046,17.094547820438365,62.41028352284219,69.10470217556163,0.0,5.0,3.083765617609189,2.031675502084525,1.0
61.13134876583812,1.9668353699783576,3.8684413725979026,0.48973189859057636,1.680257986813143,61.16298098771131,11.338711898484412,61.13134876583812,64.63604169105474,0.0,4.0,1.9668353699783576,1.4876812064578346,1.0
61.53605552019368,1.613965391164605,2.6048842838771167,-0.30583010910371944,1.4944124585329326,61.557217393805544,10.75147528481832,61.53605552019368,63.79770809843293,0.0,2.0,1.613965391164605,1.3084209697764413,1.0
61.489689107246825,1.6525518427867816,2.7309275930979875,-0.20872367541713086,1.5610257063607624,61.511891485297106,13.957357550233546,61.489689107246825,64.07505823339693,0.0,2.0,1.6525518427867816,1.134433570332869,1.0
61.141132935056014,1.7645325336827824,3.11357506242498,0.2698995113379449,1.6499441896153941,61.16658983174243,13.404833575987396,61.141132935056014,64.12348597656148,0.0,3.0,1.7645325336827824,1.265622981584431,1.0
62.08174106210402,1.7087116420057864,2.919695475526111,-0.39616051067171837,2.074495742452014,62.105251539444374,14.45789310836868,62.08174106210402,64.75143353952122,0.0,3.0,1.7087116420057864,1.4410279989992576,1.0
61.44152116168605,1.87510995224699,3.5160373330157095,0.07447417697088025,1.6998547808942883,61.47012737903615,16.571287007639604,61.44152116168605,64.75143353952122,0.0,3.0,1.87510995224699,1.4351620733619863,1.0
60.91095009316823,1.5643125891268153,2.44707387650064,0.09666731225286987,1.5244487291704039,60.93103408878707,14.517161560389425,60.91095009316823,63.50074067904508,0.0,4.0,1.5643125891268153,1.4463799589397883,1.0
61.18346466981473,1.399021692019081,1.9572616947399324,-0.5473263710146575,1.84136188103007,61.19945760133179,12.123235912755995,61.18346466981473,63.3833383641369,0.0,6.0,1.399021692019081,1.627754871334079,1.0
60.34196273938425,1.3208375576256137,1.7446118536343962,0.1863993488090532,1.4634349274809606,60.35641704984542,10.786972945860448,60.34196273938425,62.53280235566955,0.0,5.0,1.3208375576256137,1.4320268625949801,1.0
60.17948878045412,1.243028667883319,1.545120269179778,0.32450882511115864,1.569197964772904,60.19232501030329,10.321659044471375,60.17948878045412,62.24814381656213,0.0,3.0,1.243028667883319,1.1908075926393349,1.0
60.82567162075148,1.9537260637334035,3.817045532111219,0.45708035568067623,1.8957793906330482,60.85704046080127,12.413970204669667,60.82567162075148,64.55995281445372,0.0,5.0,1.9537260637334035,1.612394192344367,1.0
60.723760498637915,2.108913558815698,4.447516398556692,0.4990105423064946,1.659575634245323,60.76037035350012,13.01050025686277,60.723760498637915,64.55995281445372,0.0,5.0,2.108913558815698,1.6257020455075122,1.0
60.467912722048496,1.5602761645844945,2.434461709770501,0.09421688448408522,1.4734204362982632,60.48803956709992,10.245280569527623,60.467912722048496,63.40105316105114,0.0,4.0,1.5602761645844945,1.580240977998225,1.0
59.83751097868197,1.3224035335769704,1.7487511056168574,0.4648481325850343,1.6048296080597828,59.85212169363341,8.934393216927766,59.83751097868197,62.16297365276985,0.0,5.0,1.3224035335769704,1.8025015945865595,1.0
60.57659799615251,1.7369985253970956,3.0171638772316847,0.27613042137246674,1.6962706577166722,60.60149658766439,11.596098760854794,60.57659799615251,63.667581666658265,0.0,4.0,1.7369985253970956,1.5846587869980635,1.0
60.80327688964644,1.711747047549055,2.9300779547929072,0.10075802941538609,1.637488219967941,60.82736685467986,14.581519360290827,60.80327688964644,63.667581666658265,0.0,2.0,1.711747047549055,1.2083841847831587,1.0
60.01443577891543,1.5321855762756835,2.3475926401472487,0.7451427834041835,2.304652063113175,60.033991159190066,11.840491804375922,60.01443577891543,63.28753760175305,0.0,4.0,1.5321855762756835,1.484670555548244,1.0
60.78403682336409,2.170355814703112,4.710444362415609,0.31089289352047306,1.7781612795915047,60.822771861421266,15.720393574256626,60.78403682336409,64.86327369260567,0.0,5.0,2.170355814703112,1.6208279502605225,1.0
60.123209438910116,2.177719983191,4.74246432518941,0.9209989404312183,2.4433201069284967,60.16263605893811,14.717130988049547,60.123209438910116,64.86327369260567,0.0,4.0,2.177719983191,1.5465685718625255,1.0
58.79742230145279,0.7590188107748715,0.5761095551101002,2.145622787598479,6.605757676787998,58.80232120291245,4.980937542139266,58.79742230145279,61.452980601359,0.0,4.0,0.7590188107748715,1.4020568957073214,1.0
58.314208219457846,0.2123876131878412,0.04510849823562805,0.5271460806642637,1.5927690866373496,58.31459498925223,1.217543655617547,58.314208219457846,58.687565804716755,0.0,6.0,0.2123876131878412,2.3102798434887792,1.0
52.10574979222016,6.067908210057654,36.81951004568508,-4.13799485229804,20.759730212505797,52.457875209115514,52.96623963728388,52.10574979222016,57.28211958329142,0.0,5.0,6.067908210057654,0.5729565220358512,2.0
54.02461259237935,0.4890183474346441,0.23913894412771028,0.9121675776173629,3.0347404833885454,54.02682578775845,2.0726696422982656,54.02461259237935,55.17205926707762,0.0,3.0,0.4890183474346441,5.322810566285699,2.0
54.628002612026265,0.6732770868573741,0.453302035687152,0.4779508734122486,1.8950712877718316,54.632151444138046,4.629813774155323,54.628002612026265,55.945412737087125,0.0,3.0,0.6732770868573741,1.724592808902698,2.0
55.31236332398489,1.4872327243009245,2.2118611762315497,0.8037200971975079,2.371810527642189,55.33235398625962,8.946513015600715,55.31236332398489,58.27215961475599,0.0,5.0,1.4872327243009245,1.7858667018713743,2.0
55.41200898397353,1.6741483151772671,2.8027725812108826,0.5602950311963266,1.6233001429413965,55.437293514575316,10.22969873375824,55.41200898397353,58.27215961475599,0.0,5.0,1.6741483151772671,1.5359161415301967,2.0
54.696149910103514,1.2557357333795671,1.5768722320863195,1.1951554546787235,2.9642724818993424,54.71056284869132,8.400334280595935,54.696149910103514,57.79762997068475,0.0,5.0,1.2557357333795671,1.0452619446302829,2.0
55.42812497295658,1.4636244390084772,2.142196498462879,0.2096091005982501,1.6933825083132603,55.44744569875294,7.677777426010948,55.42812497295658,57.91818541991711,0.0,4.0,1.4636244390084772,1.671304756600598,2.0
55.321779629651,1.4098700008599376,1.9877334193248004,0.5056347067170536,1.8763842326207008,55.33974191131535,7.510833595567483,55.321779629651,57.91818541991711,0.0,4.0,1.4098700008599376,2.125190539884012,2.0
55.213044607854364,1.3135785650916518,1.7254886466682429,0.45151380007584163,1.7506129626482148,55.22866813092258,9.924325443665111,55.213044607854364,57.74626782249707,0.0,6.0,1.3135785650916518,1.560273866199025,2.0
55.0187996222196,1.457299378030233,2.123721477207304,0.46789510259829087,1.6130273469834286,55.038096200242606,7.09585394954199,55.0187996222196,57.74626782249707,0.0,6.0,1.457299378030233,2.308415472193507,2.0
54.78418010403228,1.3070688551286045,1.7084289920472007,0.755349761771174,2.0320818644121874,54.79977024279476,7.440928690923144,54.78418010403228,57.38831201912705,0.0,4.0,1.3070688551286045,1.6490964057808737,2.0
54.749664160029496,1.3449788831541243,1.8089681961305155,0.684390386664273,1.9921020592154841,54.76618202716114,8.275826098140783,54.749664160029496,57.38831201912705,0.0,5.0,1.3449788831541243,1.48979037644455,2.0
54.522072252790444,1.4795979356799065,2.189210051268241,1.1462470899723622,2.6699987940310304,54.54214492289215,8.552269968324907,54.522072252790444,57.77714712812484,0.0,6.0,1.4795979356799065,1.739506198825256,2.0
55.13826200819124,1.3712025625955926,1.88019646766872,0.2539387166755764,1.9568375678726888,55.155309207288596,9.555673035288272,55.13826200819124,57.77714712812484,0.0,5.0,1.3712025625955926,1.538950791453157,2.0
54.18650918103502,0.9630014625445064,0.9273718168628583,0.6653414150492883,1.6789834335908196,54.19506572597967,4.343037981267344,54.18650918103502,55.82424093717907,0.0,5.0,0.9630014625445064,2.086067013957969,2.0
54.17144073815557,0.7139038025170521,0.5096586392483061,-0.03655768782297177,1.2137607847756595,54.17614466060453,3.5651085326017693,54.17144073815557,55.06341615401292,0.0,5.0,0.7139038025170521,1.7847634804930983,2.0
54.14438881504114,0.7279851431404074,0.5299623686331595,0.028846058657175218,1.1809547327786525,54.14928256702009,3.3750830015948594,54.14438881504114,55.06341615401292,0.0,5.0,0.7279851431404074,2.3380128921254024,2.0
54.485006952901465,1.420263082777442,2.017147224300483,0.6836963546063738,1.7605352889894763,54.503514839705716,6.9591300859904806,54.485006952901465,57.107418847616636,0.0,4.0,1.420263082777442,1.8803092747991783,2.0
54.67844538961484,1.4127602724013897,1.995891587275649,0.3094964155653786,1.552614203241178,54.69669351809457,8.327022130259934,54.67844538961484,57.107418847616636,0.0,6.0,1.4127602724013897,1.5778971770651784,2.0
54.47514211552479,1.5691885656275593,2.4623527544962767,0.8313074294065826,2.3014003221859003,54.49773812977121,10.527607690647038,54.47514211552479,57.85540853804834,0.0,6.0,1.5691885656275593,1.6215992669156352,2.0
54.69529916896964,1.5770472105209516,2.4870779042119144,0.46606405766025844,1.9140660787211292,54.718030201089135,11.401889426893604,54.69529916896964,57.85540853804834,0.0,6.0,1.5770472105209516,1.6225949540813924,2.0
54.40904636369975,1.4507595927548385,2.104703395970185,0.6583804300603576,2.037786193338787,54.42838441110666,9.124536923242864,54.40904636369975,57.33613430798059,0.0,6.0,1.4507595927548385,1.6666263690126275,2.0
54.53913275389392,1.5714831279132864,2.469559221316126,0.45867435020848063,1.6317918448966968,54.561768306829826,9.548431595215732,54.53913275389392,57.33613430798059,0.0,3.0,1.5714831279132864,1.5327285397911066,2.0
53.84378779294629,1.2261250411891902,1.5033826166311932,1.223183038073551,2.9587760592657566,53.85774657844925,6.603135285621001,53.84378779294629,56.93884398783504,0.0,3.0,1.2261250411891902,1.893631691986651,2.0
54.749020011691734,2.044283021136876,4.179093070508512,0.9609467444505163,2.5049221031277065,54.78717263476125,12.991591728498292,54.749020011691734,59.1618987792681,0.0,3.0,2.044283021136876,1.4413182675095542,2.0
54.63010740908701,2.135267305853138,4.55936646744532,0.9073632873025166,2.3993103544642516,54.671820913481824,11.993498706468891,54.63010740908701,59.1618987792681,0.0,5.0,2.135267305853138,1.4713767493720236,2.0
53.902474490284284,1.4519120600616708,2.108048630152525,0.8959454532326276,2.1457299872732154,53.92202522908334,7.719137612980518,53.902474490284284,56.906083589766354,0.0,7.0,1.4519120600616708,2.050542223515406,2.0
54.10869643788801,1.4865562313503426,2.2098494289665336,0.45198246313075735,1.673300418279956,54.12911305052467,9.179625675857693,54.10869643788801,56.906083589766354,0.0,6.0,1.4865562313503426,1.7573316707951703,2.0
54.00547131670739,1.5850631219598892,2.5124251005972305,0.6131409083242623,1.77603915202452,54.028727148067276,9.080571851373548,54.00547131670739,56.96379876227931,0.0,5.0,1.5850631219598892,1.7006958296090837,2.0
54.17637986213782,1.624171423251386,2.6379328121064325,0.33786635337655635,1.4931426764384355,54.20072017767623,9.599898811902577,54.17637986213782,56.96379876227931,0.0,4.0,1.624171423251386,1.6677364951470723,2.0
53.35727477427646,1.0773569241867829,1.1606979420932053,1.0083063917598567,2.5847970476468074,53.368150326573364,5.7516861681123785,53.35727477427646,55.703487087724625,0.0,5.0,1.0773569241867829,1.5652620052229644,2.0
53.37393764746576,0.8444313614734139,0.7130643242398433,0.38455362699429096,1.5562024778182977,53.380617121946074,4.831588814205318,53.37393764746576,54.80457724286784,0.0,4.0,0.8444313614734139,1.5962676189231997,2.0
53.38144410202829,0.9374885067148184,0.8788847002223801,0.5332185503295666,1.7326397424574265,53.38967558543687,5.6792723820115825,53.38144410202829,55.37730456458177,0.0,4.0,0.9374885067148184,1.39369368149665,2.0
53.32288205461876,1.0200373680832344,1.040476232286172,0.8125717740700088,2.1863175545321676,53.33263753878172,6.221528961092268,53.32288205461876,55.4158338311167,0.0,5.0,1.0200373680832344,1.5137725271712101,2.0
53.09914424225867,0.9495565889155787,0.9016577155529893,1.1591196810030382,3.0275275514816893,53.10763388605959,5.562905134036981,53.09914424225867,55.4158338311167,0.0,6.0,0.9495565889155787,1.3667350393876183,2.0
53.36885419841899,1.225415156850349,1.5016423066385656,0.8198335836632629,2.1990929191202047,53.38292087136805,7.672878879121434,53.36885419841899,55.90647825220384,0.0,5.0,1.225415156850349,1.5334254398211535,2.0
53.2020272654018,1.3050032559695564,1.7030334980911432,0.8835156870761991,2.245195525732654,53.21803020261693,6.57308960232438,53.2020272654018,55.90647825220384,0.0,4.0,1.3050032559695564,2.135699366506125,2.0
53.179985589967934,0.998531852917699,0.9970658612912532,0.3322743929051546,1.6340026624719046,53.18935921037674,5.097624471172232,53.179985589967934,54.99055967215303,0.0,6.0,0.998531852917699,1.8662920079786598,2.0
53.09523406977514,1.0758887490458506,1.1575366003234453,0.2788484661016797,1.5825082116148186,53.10613352075761,6.408551845995191,53.09523406977514,54.99055967215303,0.0,6.0,1.0758887490458506,1.923848862245567,2.0
53.13831583246823,1.187898800544889,1.411103560335986,0.5993770514524844,2.1348870160932405,53.15159182067344,8.20711000794656,53.13831583246823,55.57599805507366,0.0,6.0,1.187898800544889,1.6129896503637322,2.0
53.15661322383938,1.194448027711663,1.4267060909042812,0.5209432206489744,2.0862038660225997,53.17003136654857,8.107105757456992,53.15661322383938,55.57599805507366,0.0,6.0,1.194448027711663,1.5952692020496113,2.0
52.69025796826096,0.7170289160132096,0.5141304663990783,0.2732341583701932,1.6711045330749896,52.695136542457945,6.314718993220815,52.69025796826096,54.02588162988869,0.0,6.0,0.7170289160132096,1.407433146331556,2.0
52.61707128328124,0.726179021331059,0.5273359710213348,0.47900192532547964,1.743448468203463,52.622082117690105,5.0666440515773985,52.61707128328124,54.02588162988869,0.0,7.0,0.726179021331059,1.621159224990842,2.0
52.88610761512504,1.2977266993925811,1.6840945863163628,1.0060056524289125,2.590965877262655,52.90202711867385,8.282568013445392,52.88610761512504,55.80799262694299,0.0,7.0,1.2977266993925811,1.7263687467805724,2.0
53.14028055569128,1.3140343485380026,1.7266862691376932,0.4568692386443141,1.9771911227646284,53.1565245647862,10.051368457029518,53.14028055569128,55.80799262694299,0.0,6.0,1.3140343485380026,1.5914253472178603,2.0
53.539078555932974,1.89004431623272,3.5722675173236107,0.5990578598591203,1.8935455346917027,53.572429477630436,10.86814837941526,53.539078555932974,57.119147573606526,0.0,5.0,1.89004431623272,1.6603944769495718,2.0
53.556720546126705,1.934837188616577,3.7435949464536993,0.5032543846878526,1.7634240845390894,53.59165896482739,11.829159287048029,53.556720546126705,57.119147573606526,0.0,4.0,1.934837188616577,1.5248575446769665,2.0
53.40584163161549,2.008676423958202,4.034780976165509,0.6504600726686616,2.206988397714319,53.443602997527776,14.693967277004916,53.40584163161549,57.66949684716896,0.0,5.0,2.008676423958202,1.5515479963416472,2.0
53.36582788255306,2.0859638620546392,4.351245233797906,0.540214876089636,2.0589083642053803,53.40658040751229,14.558940915033148,53.36582788255306,57.66949684716896,0.0,7.0,2.0859638620546392,1.6313485010753597,2.0
53.838844000822625,2.100775972068773,4.413259684821499,0.05542071502917385,1.4404706593352028,53.8798142445734,11.537355148278692,53.838844000822625,57.08197103746927,0.0,5.0,2.100775972068773,1.8321609772795124,2.0
53.756951357847015,2.0574419041170464,4.233067188816778,0.30189109834150246,1.3897684120042366,53.79630922729501,12.373411731197692,53.756951357847015,57.08197103746927,0.0,3.0,2.0574419041170464,1.5570005694861488,2.0
53.13807226960655,1.5403846229664735,2.3727847866715646,0.3370049379790887,1.3411346165817863,53.16039417946974,9.7705943463448,53.13807226960655,55.4260177316192,0.0,6.0,1.5403846229664735,1.5102759913337385,2.0
52.94896165147146,1.6515056973593347,2.7274710684103423,0.35823811869249916,1.3477250235159246,52.97471105194823,9.292077780520145,52.94896165147146,55.4260177316192,0.0,7.0,1.6515056973593347,1.7019751822203484,2.0
52.720069447755854,1.3827682674484287,1.9120480814623295,0.4871109060963101,1.713967556269276,52.73820029786438,10.738733984982169,52.720069447755854,55.228568661320885,0.0,4.0,1.3827682674484287,1.1909977440213524,2.0
52.586305320708824,1.3102775863686427,1.7168273533400356,0.8096545530792653,2.1778713000887224,52.602626689511894,8.611379348160419,52.586305320708824,55.228568661320885,0.0,4.0,1.3102775863686427,1.427544291130402,2.0
52.90290982597379,1.6441509289946552,2.7032322773139876,0.6115161396297004,1.7899523443390146,52.928452653865,8.966758466870964,52.90290982597379,56.054003321361435,0.0,6.0,1.6441509289946552,1.8566576582530017,2.0
53.13797287502446,1.6004137632969633,2.5613242137503485,0.2865806563924934,1.6714619615128816,53.16206810763277,9.935945438859797,53.13797287502446,56.054003321361435,0.0,5.0,1.6004137632969633,1.6039803559054608,2.0
52.19873378591263,1.0135125570661416,1.027207703330749,0.47446459843186545,1.6180767660029782,52.20857225165143,6.592537656998452,52.19873378591263,54.146217263408715,0.0,4.0,1.0135125570661416,1.3376429114538593,2.0
52.312275626669816,0.99196286937434,0.9839903342173738,-0.06117894998000252,1.3591768658751768,52.321679747260504,6.998711440874608,52.312275626669816,53.734298164713366,0.0,5.0,0.99196286937434,1.6676732550856366,2.0
52.16677365829735,1.2443756504818102,1.5484707595120282,0.7945992458860484,2.6165921433603563,52.181613090010345,8.81234059058145,52.16677365829735,55.18501383445547,0.0,6.0,1.2443756504818102,1.6261388592483927,2.0
52.28092825957505,1.3620858038776986,1.8552777371251568,0.8009118868795361,2.3651319945965192,52.298668600834944,9.45261358483311,52.28092825957505,55.18501383445547,0.0,4.0,1.3620858038776986,1.5528711159498148,2.0
52.40955378550418,1.5907990166940829,2.530641511514861,0.8845845627564944,2.632077228702363,52.433691168056924,10.274368375149294,52.40955378550418,56.09009957603409,0.0,4.0,1.5907990166940829,1.5046419229173007,2.0
52.826394323602244,1.7531686447290435,3.0736002968610716,0.37957978341214005,1.7979218039829814,52.85547783843768,11.131236770752643,52.826394323602244,56.09009957603409,0.0,3.0,1.7531686447290435,1.5627665914930913,2.0
51.994285277380555,1.710977378368931,2.9274435892902204,0.7051784234618138,2.1675110400059268,52.02242925022747,6.026453880436726,51.994285277380555,56.00976798257877,0.0,2.0,1.710977378368931,4.868903948641597,2.0
50.31318918917573,0.3576852743971701,0.1279387555205789,0.8606608733730303,2.0315635056981547,50.31446059674405,1.3160157938373445,50.31318918917573,51.00960468716649,0.0,4.0,0.3576852743971701,4.097403710526249,2.0
49.921119809133565,0.14839577000985257,0.02202130455681706,-0.7318323995573769,2.4044983033050866,49.921340369649776,1.0736272010984678,49.921119809133565,50.146599921101526,0.0,5.0,0.14839577000985257,2.377374035054846,2.0
47.78505649599308,7.907302647071233,62.52543515237972,-4.115367407637963,21.00470046898986,48.43487441376958,71.06506861627805,47.79157506873695,55.83095591444606,1.0,7.0,7.907302647071233,0.5519770006678503,3.0
55.01190757580965,9.219889449036435,85.00636145245336,1.1902521831243256,2.676659790772953,55.77917475708901,39.55166456119453,55.01190757580965,74.98997172614297,0.0,6.0,9.219889449036435,1.8422964623443479,3.0
56.90227989713596,8.806797433398488,77.5596810329142,0.8184267116467883,2.2191115173692912,57.57976327256754,54.039474612317356,56.90227989713596,74.98997172614297,0.0,4.0,8.806797433398488,1.4633599958816235,3.0
55.13000521923387,8.300886376964979,68.90471464328276,1.5529669176295908,4.369067102361341,55.75143217995424,46.10278021564035,55.13000521923387,78.90746527164848,0.0,5.0,8.300886376964979,1.3266320974041075,3.0
59.77168793942726,10.779076624620473,116.1884928794395,0.4641654326258997,1.6472439436472255,60.73584750382358,61.21413611510231,59.77168793942726,78.9097087925106,0.0,5.0,10.779076624620473,1.5172045994877679,3.0
56.683746994973845,10.027895654237987,100.5586912522851,0.8939268027000379,2.279925231638054,57.56392850251355,62.44385459250881,56.683746994973845,78.9097087925106,0.0,6.0,10.027895654237987,1.1931183743916396,3.0
70.16362558901378,21.253998740069317,451.73246244286815,0.3039434020406063,1.4410945825915442,73.31211917710588,105.81336175795735,70.16362558901378,105.34923568412277,0.0,5.0,21.253998740069317,1.7503996813722689,3.0
70.08307655883719,21.125068555232296,446.26852146326434,0.3467818336380058,1.44337122419911,73.19771950966162,88.19635572722188,70.08307655883719,105.34923568412277,0.0,5.0,21.125068555232296,1.9818329951572868,3.0
67.50380420580143,27.842282676735437,775.1927046512423,1.196686416567409,2.711035776413431,73.02024573299119,121.65748335968894,67.50380420580143,127.41014699472058,0.0,6.0,27.842282676735437,1.793990286912889,3.0
71.96841171925908,27.20844928824842,740.299712671186,0.8734766994358051,2.2491986506218273,76.93992460396602,160.316291000672,71.96841171925908,127.41014699472058,0.0,3.0,27.20844928824842,1.372819076421812,3.0
60.80290540321983,16.654356988446896,277.36760669862997,1.1622048824668882,2.8898785439696217,63.042532564702135,111.9322971564614,60.80290540321983,100.65670253923129,0.0,4.0,16.654356988446896,1.308919435022257,3.0
62.02298366878357,15.955393442289278,254.57457989824772,1.0343700675610328,2.8049581411866793,64.04236943677553,106.70938243401758,62.02298366878357,98.54598940108816,0.0,4.0,15.955393442289278,1.5267671127205882,3.0
56.63465114349951,11.307326398309357,127.85563027790364,1.4820442123710094,4.6765451715970014,57.75239683704733,81.2426432859126,56.63465114349951,95.46064785694313,0.0,3.0,11.307326398309357,1.0309338675679272,3.0
57.40835228893975,11.266041923843945,126.92370062980939,1.1829041802534193,3.147306665314599,58.50335557180309,78.88682968289618,57.40835228893975,84.41938841335167,0.0,5.0,11.266041923843945,1.492399165726587,3.0
56.116492930429814,11.153940764288157,124.41039457324905,1.460983566830521,3.802901749160284,57.21425673190406,49.89661047817782,56.116492930429814,84.41938841335167,0.0,8.0,11.153940764288157,2.9122714209298,3.0
56.43171600581149,9.344417217395035,87.31813313274877,0.6904003090676937,2.03957046447374,57.20014601811178,49.32443057088662,56.43171600581149,75.61685449326468,0.0,8.0,9.344417217395035,1.9044739860820716,3.0
57.486853568793606,8.896178742577188,79.14199621988224,0.5451134629073316,2.0461291007115676,58.17112969042118,59.72805655105439,57.486853568793606,75.61685449326468,0.0,6.0,8.896178742577188,1.525443462914462,3.0
53.866185355193814,8.113981885926389,65.83670204514156,1.2635606610726757,3.0523469229557434,54.4738710462662,44.93845373745822,53.866185355193814,72.24139470169108,0.0,6.0,8.113981885926389,1.6559693617726858,3.0
57.37812785155834,9.428438167458053,88.89544627757977,0.30305320790531026,1.3391482020443155,58.14761389796966,54.2866641578919,57.37812785155834,72.24139470169108,0.0,6.0,9.428438167458053,1.7098448873225263,3.0
54.334233747055734,8.201337039715908,67.2619292390161,0.8212645944400695,1.9200301010105019,54.94971233881672,49.519183281152166,54.334233747055734,69.92162747492151,0.0,7.0,8.201337039715908,1.1995497599973626,3.0
58.70531248137454,10.139309218386098,102.8055914260493,0.3602426890495046,1.60008100878125,59.57448535205217,56.04150934651202,58.70531248137454,76.06664136646562,0.0,5.0,10.139309218386098,1.509459897668126,3.0
57.4611840670695,10.407267578965584,108.31121846018817,0.5838912626073649,1.702271939222268,58.39605203136451,35.96771496630234,57.4611840670695,76.06664136646562,0.0,5.0,10.407267578965584,3.5904009621789563,3.0
54.184195907126096,8.177924844216713,66.87845475765697,0.914139659238582,2.1434070492679176,54.79786073250924,39.824355098843675,54.184195907126096,70.41520901851659,0.0,6.0,8.177924844216713,1.701271954947753,3.0
55.21349808709241,7.860106051034408,61.78126713350771,0.6953391136405014,2.006482499070626,55.770167994608606,46.74623204693995,55.21349808709241,70.41520901851659,0.0,4.0,7.860106051034408,1.4381806147076084,3.0
53.91464205873845,7.277277507430533,52.95876792015435,0.9045791062092031,2.277167402131214,54.40356051070595,37.780015336236474,53.91464205873845,68.36504003583266,0.0,4.0,7.277277507430533,1.586727610011305,3.0
54.356550749299394,7.4821580221772255,55.98268866883102,0.7343659743300128,1.9284182273834902,54.86909237476042,42.322623088898546,54.356550749299394,68.36504003583266,0.0,4.0,7.4821580221772255,1.3057106859019456,3.0
51.55666370002085,5.913639865223224,34.97113645555735,1.5619175827469414,4.275392519489697,51.894707902951,41.185085099522794,51.55666370002085,70.13468312473802,0.0,5.0,5.913639865223224,0.9712172515714644,3.0
54.604186799647806,7.654681190263283,58.59414412457051,0.8061831958881187,2.2922516660463494,55.13811168488999,48.10436686284835,54.604186799647806,70.70149165955914,0.0,4.0,7.654681190263283,1.5418438934878433,3.0
52.71155852842142,7.075225018419338,50.05880906126692,1.3136643828175891,3.5040098570812983,53.184275980372846,32.623092598962586,52.71155852842142,70.70149165955914,0.0,6.0,7.075225018419338,3.319552060265757,3.0
55.38908634450045,9.681648102342534,93.73430997759279,1.0805009420372516,2.853720885012885,56.22886443861479,61.498399554486994,55.38908634450045,77.7685936106688,0.0,6.0,9.681648102342534,1.549673087909937,3.0
55.55675860310495,9.54383577924325,91.08480138116364,1.1108560768319282,2.9028210609794747,56.37054397346933,56.75435445109525,55.55675860310495,77.7685936106688,0.0,5.0,9.54383577924325,1.467647359197761,3.0
54.37393031040707,10.467958190597681,109.57814868010108,1.1737525152567523,2.6941446292624796,55.372397871873915,53.38895532901319,54.37393031040707,77.5438551615332,0.0,6.0,10.467958190597681,1.8071452540404025,3.0
55.95651610317429,10.298999231140801,106.06938516303882,0.8177308240995321,2.2368047972330007,56.89640656111634,65.84841413413127,55.95651610317429,77.5438551615332,0.0,3.0,10.298999231140801,1.5695212934839848,3.0
53.32060846908798,7.510673685254154,56.41021920636921,0.9215438787143639,2.346493813833442,53.84698233624746,48.39476173886327,53.32060846908798,69.50574081313239,0.0,4.0,7.510673685254154,1.519817241816515,3.0
53.36925700336123,7.075808172143796,50.06706128897694,1.055004462941275,2.8111602225514005,53.836276379220344,46.80022051784221,53.36925700336123,69.50574081313239,0.0,5.0,7.075808172143796,1.515047749435061,3.0
50.42350269144411,3.7265953251409663,13.887512717362505,1.098450513536551,3.2167500465302514,50.56102388590874,27.751114322350432,50.42350269144411,62.60732044177695,0.0,5.0,3.7265953251409663,0.9810425259247086,3.0
52.54408142546451,5.157962232539011,26.60457439229881,0.380709005111782,1.42056043674242,52.79663878731433,26.24238769654965,52.54408142546451,60.14680345658234,0.0,4.0,5.157962232539011,1.4697538624636857,3.0
51.68571255428157,5.268751602404122,27.75974344783601,0.6905232680758807,1.6792799816678323,51.95356220406503,20.695718153850443,51.68571255428157,60.14680345658234,0.0,4.0,5.268751602404122,2.6101811069499137,3.0
52.36815592277194,6.131844576908089,37.59951791535715,1.025209296395581,2.693248027227413,52.72592600103967,38.23156746848909,52.36815592277194,66.11058016051679,0.0,4.0,6.131844576908089,1.5252104656416403,3.0
52.312958558160396,6.1669310698632085,38.031038820444174,1.0223059283198057,2.6814056476769714,52.675199780620204,35.48128728769694,52.312958558160396,66.11058016051679,0.0,3.0,6.1669310698632085,1.5025876909776223,3.0
52.850805038290154,6.984603048335852,48.78467974282247,0.6166240614272662,1.5717724471376833,53.31033926864636,28.98226043411067,52.850805038290154,64.9669326806337,0.0,4.0,6.984603048335852,2.1660468887241855,3.0
54.12723627497854,6.6163176908729255,43.77565978655804,0.26285749164713074,1.463667996536307,54.53011430901197,37.59708609012582,54.12723627497854,64.9669326806337,0.0,4.0,6.6163176908729255,1.6103126014612215,3.0
53.244992179009415,7.6338219587701035,58.27523769820062,0.8634071291640559,2.230945376427,53.789445338662624,43.986070455746535,53.244992179009415,68.73803588920796,0.0,4.0,7.6338219587701035,1.592210729985658,3.0
55.05472873905541,7.623363699184909,58.11567409005022,0.32425727175934305,1.6634078859692416,55.58002186596389,46.710570209959066,55.05472873905541,68.73803588920796,0.0,3.0,7.623363699184909,1.6076500896464865,3.0
56.03204162808791,12.063900222979973,145.53768859001622,1.358153496481424,3.779173969976948,57.31603072092303,66.25305477409206,56.03204162808791,86.31339398721536,0.0,4.0,12.063900222979973,1.7676199346953796,3.0
63.266191768073924,15.231269571558208,231.99157276147494,0.07181225064695003,1.2838496664941914,65.07382418143396,94.70419354837112,63.266191768073924,86.31339398721536,0.0,6.0,15.231269571558208,1.7067041595661148,3.0
57.560403355512854,13.977366947363265,195.3667867812431,0.6952992148529433,1.6251541908192426,59.2331564348092,47.14705757892107,57.560403355512854,82.60610329597505,0.0,6.0,13.977366947363265,2.941675918358324,3.0
51.28043107230895,6.0081065808452045,36.09734468679546,1.0290257629030346,2.571846178785963,51.631191693090194,34.33716411462947,51.28043107230895,64.48226712920503,0.0,5.0,6.0081065808452045,1.6282408185613702,3.0
51.76547787641617,5.798133269235864,33.618349407819764,0.9448496858308459,2.5676438595260027,52.08918361024246,36.60279514526029,51.76547787641617,64.48226712920503,0.0,5.0,5.798133269235864,1.5019289235502526,3.0
48.634028456578434,3.6341942032700776,13.207367507081834,2.3007170299610067,7.754829246609022,48.76962262948487,24.279124726815922,48.634028456578434,62.63967301016033,0.0,5.0,3.6341942032700776,1.1256700218472062,3.0
52.197121271012406,5.736008797814383,32.90179692860401,0.5665067707092759,1.8883784858902934,52.51134416399356,35.786322578324366,52.197121271012406,63.22362689799524,0.0,3.0,5.736008797814383,1.582119621968763,3.0
50.90120639397638,5.555446134783416,30.86298175648,0.9762593139981923,2.517808415679448,51.20347443405244,20.064220616617497,50.90120639397638,63.22362689799524,0.0,6.0,5.555446134783416,5.695399592451532,3.0
52.899318363139194,7.845671978193016,61.554568789403106,0.9231697118117526,2.391755163173859,53.47796230293519,42.465942019780556,52.899318363139194,69.5280049187174,0.0,6.0,7.845671978193016,1.5961838369661607,3.0
53.700269636146174,7.384353084277474,54.52867047327825,0.8933481410975082,2.4844865054323417,54.20560514806638,46.29927043873031,53.700269636146174,69.5280049187174,0.0,3.0,7.384353084277474,1.401697610254871,3.0
52.2370492245977,7.60801862013725,57.88194732435511,1.1071181332447249,2.6709398013834567,52.78817347680632,41.47664908560235,52.2370492245977,68.97526692743097,0.0,4.0,7.60801862013725,1.7041764365740915,3.0
54.4903037836116,7.189104699532863,51.683226380845504,0.47384594898783367,2.1426176287541336,54.962500241629485,48.02514601158215,54.4903037836116,68.97526692743097,0.0,5.0,7.189104699532863,1.5245012762778092,3.0
50.53666563381731,4.574204786431842,20.923349428215978,0.549830019900705,1.746175813611649,50.74325494893353,32.47438471429005,50.53666563381731,62.17936393842755,0.0,5.0,4.574204786431842,0.8998157191814274,3.0
54.19152796430735,7.8094609669925426,60.9876805949801,0.5511511133489233,1.9214233062752726,54.75134138723257,46.49122784475786,54.19152796430735,69.09368585553854,0.0,3.0,7.8094609669925426,1.5117083268842126,3.0
53.394857024402846,8.008438763224216,64.13509142431222,0.7236667873156996,2.023873658577358,53.992090606687334,31.425825910752984,53.394857024402846,69.09368585553854,0.0,4.0,8.008438763224216,3.006761714640657,3.0
51.60061545893502,6.086769183752036,37.04875909627343,0.6254394891592914,1.6778708042718298,51.958370594516886,28.74376632156948,51.60061545893502,62.21628936126118,0.0,4.0,6.086769183752036,1.6913100580806655,3.0
52.291571237913274,5.739572776891948,32.94269566123915,0.4905295136076867,1.6995992738285581,52.605618694118576,32.79757586920754,52.291571237913274,62.21628936126118,0.0,3.0,5.739572776891948,1.3241157606994358,3.0
51.11852419547092,6.078445281136481,36.947497035770354,0.9912717603798752,2.4032216603449306,51.478646184206475,32.73801845649105,51.11852419547092,63.83508783369202,0.0,4.0,6.078445281136481,1.7717322323659395,3.0
52.54700691442479,6.256029762537729,39.13790838975787,0.3892836826278632,1.6113442514808256,52.918105068628115,37.686881026553216,52.54700691442479,63.83508783369202,0.0,3.0,6.256029762537729,1.6480496429143818,3.0
50.740594853787925,5.444986821291687,29.647881484040152,0.8673575555397569,2.356112480981287,51.031910091630806,32.65165001848446,50.740594853787925,63.99512813053044,0.0,3.0,5.444986821291687,1.2655631798352212,3.0
54.30576024499673,7.055315514004288,49.77747700214959,0.1021332616587231,1.2953212747303138,54.762150001522194,37.61076456972101,54.30576024499673,64.18274832472656,0.0,3.0,7.055315514004288,1.4647440056459,3.0
52.65642234537387,7.043494777767925,49.61081868444403,0.48718910188468917,1.5312963538147049,53.125414190374386,31.054713238807345,52.65642234537387,64.18274832472656,0.0,4.0,7.043494777767925,1.77191776222978,3.0
51.28112395201641,5.287685365490652,27.959616524424003,0.29974043346190005,1.3078653730437861,51.553014366829174,29.96545488272583,51.28112395201641,58.7047842383565,0.0,6.0,5.287685365490652,1.688657311774888,3.0
50.71604011181044,5.435453869330751,29.544158765622637,0.5038533904092686,1.3732321862155323,51.006478837382886,18.22279776641782,50.71604011181044,58.7047842383565,0.0,8.0,5.435453869330751,3.087799015270382,3.0
51.43894470035251,6.285171543492974,39.50338133113385,0.564041931002335,1.534734989699833,51.821505316008114,21.067364378929,51.43894470035251,62.039410046028976,0.0,6.0,6.285171543492974,2.717631899287096,3.0
52.61612959736041,5.799008572552523,33.628500424537656,0.30305067163041877,1.4789181616097473,52.93472956604921,31.353250518646128,52.61612959736041,62.039410046028976,0.0,2.0,5.799008572552523,1.403526907751444,3.0
49.959630787612504,5.31305659509953,28.228570382730616,1.1833208993045354,2.9735185727690348,50.24135028855504,29.22022448674764,49.959630787612504,62.181151184065456,0.0,4.0,5.31305659509953,1.2051480302827027,3.0
52.32118587946965,6.028442285930062,36.34211639478967,0.3032506073134929,1.5583675657774299,52.66733910336467,34.04311761222644,52.32118587946965,62.181151184065456,0.0,4.0,6.028442285930062,1.4728231172630604,3.0
49.60477211661213,5.262065904966459,27.689337588210474,1.077093247888146,2.6348891233820217,49.8830908658358,17.106176765963518,49.60477211661213,62.04429162958203,0.0,3.0,5.262065904966459,3.2911897814289675,3.0
45.88817701452989,0.13199610529161868,0.017422971812156084,0.49472877495357814,2.352927595833984,45.888366855758136,1.1112813140103057,45.88817701452989,46.147901481328496,0.0,4.0,0.13199610529161868,1.2965288464663944,3.0
